Mounting,Bolt
U,Bolt
Bolt,
Mounting screw,
Flanged,screw
Screw,
Mounting nut,
Flanged,nut
Nut,
Threaded,Pin
Pin,
Bracket,
Check strap,
Spring Band Clamp,
Clamp,
Sintered,Bush
Rubber,Bush
Pivot,Bush
Bush,
Yoke,
Rubber,Buffer
Buffer,
Door,Secondary Seal
Secondary Seal,
Oil Seal,
Foam,Seal
Secondary,Seal
Primary,Seal
Seal,
Rubber,Spacer
Nylon,Spacer
Ring,Spacer
Spacer,
Shim,
Plastic Washer,
Door,Wiring Harness
Main,Wiring Harness
Engine,Wiring Harness
Cockpit,Wiring Harness
Battery,Wiring Harness
Pigtail,Wiring Harness
Cabin,Wiring Harness
Front,Wiring Harness
Wiring Harness,
Blow by, Hose
Heater, Hose
Ventilation, Hose
Back Leak, Hose
Rubber, Hose
Vacuum, Hose
Suction, Hose
Discharge, Hose
Urea, Hose
Liquid, Hose
Clutch, Hose
Coolant, Hose
Breather, Hose
Return,Hose
Fuel Return,Hose
LP, Hose
HP, Hose
Brake, Hose
Vapour, Hose
Ribbed, Hose
Hose,
Gas Balancer,
Pitman Arm,
Cable tie,
Washer System,
Washer Bottle,
Glass Guide,
Spring Washer,
Bright Washer,
Valve Seat,
Exhaust Valve,
Reinforcement,
Switch Bezel,
Steering,Wheel
Steering,column
Primary Seal,
Intake Valve,
Foam Washer,
Piston Ring,
Insulation,
Windshield,
Drain Plug,
Waist Seal,
Wheel Rim,
Cross Member,
Long Member,
Long Runner,
Driver Station,
Frame Assy,
Flywheel,
Spacer,Plate
Packing,Plate
Nut,Plate
Guide,Plate
Adapter,Plate
Bed,Plate
Plate,
Glass Run Mould,
Nylon,Bunch
HP Tube,
LP Tube,
Nylon,Tube
Bundy,Tube
Pneumatic,Tube
Tube Assy,
Brake,Pipe
Air Intake,Pipe
Intake,Pipe
Pneumatic,Pipe
EGR,Pipe
Exhaust,Pipe
Metal,Pipe
Tail,Pipe
Window Winding,
Nylon,Pipe Bunch
Nylon,Pipe
Metal Pipe,
Pipe Assy,
Pipe,
Connecting,Rod
Con,Rod
Air Intake,System
Air Intake,Assy
Hole Plug,
Core Plug,
Connector,
Dipstick,
Clutch slave, Cylinder
Clutch master, Cylinder
head, Cylinder
Fan,Shroud
Load body,
Cylinder,
Grommet,
Spindle,
Circlip,
Vacuum,Booster
Clutch,Booster
Booster,
Condensor,
Seat, Belt
steering, Belt
poly, Belt
Belt,
AC,Compressor
Compressor,
Radiator,
Anti Roll Bar,
Stopper,
Outer, Handle
Inner, Handle
Grab, Handle
Handle,
Front,Bumper
Rear,Bumper
Bumper,
Balata,
Front,Strut
Rear,Strut
Strut,
Shock Absorber,
Rear,Damper
Front,Damper
Damper,
Carpet,
Mascot,
Logo,
Mud,Guard
Stone,Guard
Propeller Shaft,Guard
Thrust,Washer
Washer,
Fascia, Switch
Window, Switch
Ignition, Switch
Cut off, Switch
combi, Switch
Hazard, Switch
Oil Pressure, Switch
Switch,
Sleeve,
Bearing,
Flow, Sensor
Parking, Sensor
Sunroof, Sensor
Pressure, Sensor
PEPS, Sensor
Ignition, Sensor
Fuel, Sensor
Speed, Sensor
Temp, Sensor
Lambda, Sensor
Pedal, Sensor
Steering, Sensor
Urea, Sensor
NOX, Sensor
Sensor,
Gasket,
Glass,
Baffle,
Label,
Turbocharger,
Alternator,
Intake, Valve
Exhaust, Valve
Cylinder, Valve
Relay, Valve
Brake, Valve
Modulator, Valve
Solenoid, Valve
Load, Valve
Valve,
Clamp,
Bezel,
Parking Brake, Lever
Gear Shift, Lever
Lever,
Rivet,
Dowel,
Brake, Pedal
Dead Pedal, Pedal
Clutch, Pedal
Accelerator, Pedal
Dead, Pedal
Brake & Clutch, Pedal
Integrated, Pedal
Pedal,
Clutch,
Engine,Cover
Side Valance,Cover
Lamp,Cover
Wheel,Cover
Cover,
Instrument,Cluster
Instrument,Panel
Control,Panel
Door,Panel
Toe,Panel
Panel,
Crankcase,
Crankshaft,
Camshaft,
Crank, Shaft
Counter, Shaft
Cam, Shaft
Propeller, Shaft
Input, Shaft
Drive, Shaft
Intermediate, Shaft
Shifter, Shaft
Rear Axle, Shaft
Shaft,
Pulley,
Garnish,
Clutch,Cable
Power,Cable
Brake,Cable
Battery,Cable
Cable,
Parking, Brake
Drum , Brake
Disc, Brake
control, Brake
Brake Drum,
Brake,Caliper
Brake,
Decal,
Grill,
Fender,
Tubeless, Tyre
Tyre,
Tube,
Rear,Wall
Front,Wall
Side,Wall
Wall,
Oil Sump,
Brake Chamber,
Gear Shifter,
Power Steering,Gearbox
Steering,Gearbox
Gearbox,
Gear,
Headliner,
Wheel Arch,Liner
Roof,Liner
Liner,
Roof bow,
Roof,
Wheel Arch,
Twist, Beam
Car, Beam
Rear Axle, Beam
Front Axle, Beam
Beam,
Head, Lamp
Tail, Lamp
Fog, Lamp
Side, Lamp
Lamp,
Air,Tank
Fuel,Tank
Aux,Tank
Urea,Tank
Tank,
Battery,Tray
Tray,
AC,Duct
Air,Duct
Vent,Duct
Duct,
Door,Latch
Tailgate,Latch
Power,Latch
Latch,
Parabolic,Leaf Spring
Leaf Spring,
Dashboard Skin,
Dashboard,
Reflective,Tape
Cotton,Tape
Black,Tape
Tape,
Snorkel,
Receptacle,
Fuel,Filler
Fuel,Filter
Air,Filter
Oil,Filter
Filter,
Oil,Strainer
Strainer,
Sticker,
Leaf,Screen
Pillar,Trim
Door,Trim
Quarter,Trim
Trim,
Door,
Door,Hinge
Tailgate,Hinge
Hinge,
Structural,Foam
Foam,
Starter,Motor
Wiper,Motor
Traction,Motor
Motor,
A,Pillar
B,Pillar
C,Pillar
D,Pillar
Pillar,
Drag link,
Wiper link,
Wiper arm,
Wiper blade,
HVAC,
ORVM,
IRVM,
FUPD,
SUPD,
RUPD,
Outrigger,
Driver,Seat
Co-driver,Seat
Rear,Seat
Front,Seat
Seat,
Rubber,Bellow
Bellow,
Fuel,Pump
Oil,Pump
Water,Pump
Vacuum,Pump
Pump,
Axle,Piping
Rack,Pinion
Rear,Axle
Front,Axle
Stub,Axle
Axle,
Nacelle,
EMS,ECU
ABS,ECU
Airbag,ECU
ECU,
